NH3,time,station,longitude,latitude
8.314640923094558,2008-01,Hongwen,118.15,24.466666666666665
7.7489142343837845,2008-01,Serpong,106.66666666666667,-6.35
0.13338466370465005,2008-01,Happo,137.78333333333333,36.68333333333333
0.7021515450332734,2008-01,Ijira,136.68333333333334,35.56666666666667
0.3553287151666471,2008-01,Oki,133.18333333333334,36.28333333333333
0.6653281226277761,2008-01,Yusuhara,132.93333333333334,33.36666666666667
0.5779711661789013,2008-01,Hedo,128.23333333333332,26.85
0.4099445128651291,2008-01,Ogasawara,142.21666666666667,27.083333333333332
3.9476796948134005,2008-01,Tokyo,139.75,35.68333333333333
0.8217609367500001,2008-01,Tanah Rata,101.36666666666666,4.483333333333333
6.2327526495,2008-01,Petaling Jaya,101.63333333333334,3.1
0.5169999999999999,2008-01,Terelj,107.45,47.983333333333334
7.361480732423432,2008-01,Metro Manila,121.06666666666666,14.633333333333333
30.81047381315519,2008-01,Mt. Sto. Tomas,120.6,16.416666666666668
2.2852746728764695,2008-01,Kanghwa,126.26666666666667,37.7
5.502184408959858,2008-01,Imsil,127.16666666666667,35.6
0.7035214108098743,2008-01,Mondy,100.91666666666667,51.61666666666667
0.7190499098069594,2008-01,Irkutsk,104.25,52.233333333333334
2.0318134579849145,2008-01,Primorskaya,132.23333333333332,43.61666666666667
20.417086502480004,2008-01,Bangkok,100.53333333333333,13.783333333333333
5.405561135516664,2008-01,Mae Hia,98.91666666666667,18.75
4.585571493985464,2008-01,Hoa Binh,105.33333333333333,20.833333333333332
6.6574367833092865,2008-02,Hongwen,118.15,24.466666666666665
2.0820153105766344,2008-02,Serpong,106.66666666666667,-6.35
0.12577590410760617,2008-02,Happo,137.78333333333333,36.68333333333333
0.32214105002072696,2008-02,Ijira,136.68333333333334,35.56666666666667
0.6391459189111199,2008-02,Oki,133.18333333333334,36.28333333333333
0.22400947211603106,2008-02,Yusuhara,132.93333333333334,33.36666666666667
0.7495156836257763,2008-02,Hedo,128.23333333333332,26.85
0.32564135421737445,2008-02,Ogasawara,142.21666666666667,27.083333333333332
3.3240386410398655,2008-02,Tokyo,139.75,35.68333333333333
1.2687138828,2008-02,Tanah Rata,101.36666666666666,4.483333333333333
7.8326201616,2008-02,Petaling Jaya,101.63333333333334,3.1
0.6979499999999998,2008-02,Terelj,107.45,47.983333333333334
8.350196117936786,2008-02,Metro Manila,121.06666666666666,14.633333333333333
3.6110583283471995,2008-02,Mt. Sto. Tomas,120.6,16.416666666666668
1.9594017520514524,2008-02,Kanghwa,126.26666666666667,37.7
2.8400914836992674,2008-02,Imsil,127.16666666666667,35.6
0.3626819858876985,2008-02,Mondy,100.91666666666667,51.61666666666667
1.2423459768984226,2008-02,Irkutsk,104.25,52.233333333333334
1.3911611478260801,2008-02,Primorskaya,132.23333333333332,43.61666666666667
2.5640337221246488,2008-02,Bangkok,100.53333333333333,13.783333333333333
5.16015464744899,2008-02,Mae Hia,98.91666666666667,18.75
4.6627726716422755,2008-02,Hoa Binh,105.33333333333333,20.833333333333332
5.796309942099359,2008-03,Hongwen,118.15,24.466666666666665
10.366078772020835,2008-03,Serpong,106.66666666666667,-6.35
0.18861996028403372,2008-03,Rishiri,141.23333333333332,45.11666666666667
0.2792195221052946,2008-03,Happo,137.78333333333333,36.68333333333333
0.7164636128071159,2008-03,Ijira,136.68333333333334,35.56666666666667
1.2852379384211328,2008-03,Oki,133.18333333333334,36.28333333333333
0.45295187192200304,2008-03,Yusuhara,132.93333333333334,33.36666666666667
0.923449599450068,2008-03,Hedo,128.23333333333332,26.85
0.487251809376426,2008-03,Ogasawara,142.21666666666667,27.083333333333332
4.161060748047213,2008-03,Tokyo,139.75,35.68333333333333
2.12430815025,2008-03,Tanah Rata,101.36666666666666,4.483333333333333
6.703513791000001,2008-03,Petaling Jaya,101.63333333333334,3.1
0.75435,2008-03,Terelj,107.45,47.983333333333334
9.172096686299403,2008-03,Metro Manila,121.06666666666666,14.633333333333333
9.481533437467396,2008-03,Mt. Sto. Tomas,120.6,16.416666666666668
1.666818957850262,2008-03,Kanghwa,126.26666666666667,37.7
3.006306165446884,2008-03,Imsil,127.16666666666667,35.6
0.5019519056446119,2008-03,Mondy,100.91666666666667,51.61666666666667
1.742973503488032,2008-03,Irkutsk,104.25,52.233333333333334
1.8738410050346936,2008-03,Primorskaya,132.23333333333332,43.61666666666667
13.656307274198594,2008-03,Bangkok,100.53333333333333,13.783333333333333
3.4766569766548714,2008-03,Kanchanaburi(Vajiralongkorn Dam),98.6,14.783333333333333
8.035202792970338,2008-03,Mae Hia,98.91666666666667,18.75
4.5921118135962224,2008-03,Hoa Binh,105.33333333333333,20.833333333333332
9.980952504979522,2008-04,Hongwen,118.15,24.466666666666665
6.317525414007571,2008-04,Serpong,106.66666666666667,-6.35
0.742900411848852,2008-04,Rishiri,141.23333333333332,45.11666666666667
0.45588909101729524,2008-04,Ochiishi,145.48333333333332,43.15
0.4599427426707677,2008-04,Happo,137.78333333333333,36.68333333333333
1.074389818267763,2008-04,Ijira,136.68333333333334,35.56666666666667
1.3348061948688072,2008-04,Oki,133.18333333333334,36.28333333333333
0.6476991334723532,2008-04,Yusuhara,132.93333333333334,33.36666666666667
1.4577573250985574,2008-04,Hedo,128.23333333333332,26.85
0.5812456436127326,2008-04,Ogasawara,142.21666666666667,27.083333333333332
4.090462339217799,2008-04,Tokyo,139.75,35.68333333333333
1.28699924925,2008-04,Tanah Rata,101.36666666666666,4.483333333333333
6.203217520499999,2008-04,Petaling Jaya,101.63333333333334,3.1
0.4512,2008-04,Terelj,107.45,47.983333333333334
8.920431166144983,2008-04,Metro Manila,121.06666666666666,14.633333333333333
4.877350525444966,2008-04,Mt. Sto. Tomas,120.6,16.416666666666668
3.2166436369525018,2008-04,Kanghwa,126.26666666666667,37.7
4.596332113550676,2008-04,Cheju(Kosan),126.15,33.28333333333333
5.551379879130627,2008-04,Imsil,127.16666666666667,35.6
0.6800973439701937,2008-04,Mondy,100.91666666666667,51.61666666666667
1.7230258829740168,2008-04,Irkutsk,104.25,52.233333333333334
2.4925481776891463,2008-04,Primorskaya,132.23333333333332,43.61666666666667
5.989407023501489,2008-04,Bangkok,100.53333333333333,13.783333333333333
7.265500897361914,2008-04,Mae Hia,98.91666666666667,18.75
4.740715268492539,2008-04,Hoa Binh,105.33333333333333,20.833333333333332
11.292407703647525,2008-05,Hongwen,118.15,24.466666666666665
5.623935165188339,2008-05,Serpong,106.66666666666667,-6.35
0.44588435937169024,2008-05,Rishiri,141.23333333333332,45.11666666666667
0.4052490798714583,2008-05,Ochiishi,145.48333333333332,43.15
0.653549246628615,2008-05,Happo,137.78333333333333,36.68333333333333
1.43804108932909,2008-05,Ijira,136.68333333333334,35.56666666666667
2.356856037161981,2008-05,Oki,133.18333333333334,36.28333333333333
0.8233421861207618,2008-05,Yusuhara,132.93333333333334,33.36666666666667
1.458940582432578,2008-05,Hedo,128.23333333333332,26.85
0.46792319144796024,2008-05,Ogasawara,142.21666666666667,27.083333333333332
4.952999083112786,2008-05,Tokyo,139.75,35.68333333333333
0.7799675285999998,2008-05,Tanah Rata,101.36666666666666,4.483333333333333
8.0767292034,2008-05,Petaling Jaya,101.63333333333334,3.1
9.118,2008-05,Ulaanbaatar,106.9,47.916666666666664
1.2595999999999998,2008-05,Terelj,107.45,47.983333333333334
4.842335310929895,2008-05,Metro Manila,121.06666666666666,14.633333333333333
3.426827915220637,2008-05,Mt. Sto. Tomas,120.6,16.416666666666668
1.7242489290101548,2008-05,Kanghwa,126.26666666666667,37.7
3.934397205588822,2008-05,Cheju(Kosan),126.15,33.28333333333333
3.950168108227989,2008-05,Imsil,127.16666666666667,35.6
0.18969842144860896,2008-05,Mondy,100.91666666666667,51.61666666666667
2.414089634069294,2008-05,Irkutsk,104.25,52.233333333333334
2.2327980485586507,2008-05,Primorskaya,132.23333333333332,43.61666666666667
6.01680105642166,2008-05,Bangkok,100.53333333333333,13.783333333333333
3.346599519509647,2008-05,Mae Hia,98.91666666666667,18.75
4.0258916881138,2008-05,Hoa Binh,105.33333333333333,20.833333333333332
7.024302871733574,2008-06,Hongwen,118.15,24.466666666666665
4.519612062421406,2008-06,Serpong,106.66666666666667,-6.35
0.3541386094306542,2008-06,Rishiri,141.23333333333332,45.11666666666667
0.4579181659019862,2008-06,Ochiishi,145.48333333333332,43.15
0.7984259168103823,2008-06,Happo,137.78333333333333,36.68333333333333
1.6947232843672821,2008-06,Ijira,136.68333333333334,35.56666666666667
0.8947336517654555,2008-06,Oki,133.18333333333334,36.28333333333333
0.6519763431781973,2008-06,Yusuhara,132.93333333333334,33.36666666666667
1.7650602861629459,2008-06,Hedo,128.23333333333332,26.85
0.6168160215264066,2008-06,Ogasawara,142.21666666666667,27.083333333333332
5.017776278856387,2008-06,Tokyo,139.75,35.68333333333333
0.62101810875,2008-06,Tanah Rata,101.36666666666666,4.483333333333333
6.35767664025,2008-06,Petaling Jaya,101.63333333333334,3.1
11.7594,2008-06,Ulaanbaatar,106.9,47.916666666666664
1.6144499999999997,2008-06,Terelj,107.45,47.983333333333334
3.2135995286880883,2008-06,Metro Manila,121.06666666666666,14.633333333333333
2.63407384891616,2008-06,Mt. Sto. Tomas,120.6,16.416666666666668
5.966451430472389,2008-06,Kanghwa,126.26666666666667,37.7
4.490631625637613,2008-06,Cheju(Kosan),126.15,33.28333333333333
8.060991212020404,2008-06,Imsil,127.16666666666667,35.6
0.8949448088936593,2008-06,Mondy,100.91666666666667,51.61666666666667
4.829612925125345,2008-06,Irkutsk,104.25,52.233333333333334
4.073606888226546,2008-06,Primorskaya,132.23333333333332,43.61666666666667
0.2602780597896665,2008-06,Bangkok,100.53333333333333,13.783333333333333
3.851076136730464,2008-06,Mae Hia,98.91666666666667,18.75
3.3843901076416882,2008-06,Hoa Binh,105.33333333333333,20.833333333333332
10.168583198310102,2008-07,Hongwen,118.15,24.466666666666665
6.740580524284281,2008-07,Serpong,106.66666666666667,-6.35
0.5560621090350398,2008-07,Rishiri,141.23333333333332,45.11666666666667
0.8060012547143147,2008-07,Ochiishi,145.48333333333332,43.15
0.627482907274943,2008-07,Happo,137.78333333333333,36.68333333333333
2.309582696173197,2008-07,Ijira,136.68333333333334,35.56666666666667
1.1814105516585336,2008-07,Oki,133.18333333333334,36.28333333333333
0.6883533647795297,2008-07,Yusuhara,132.93333333333334,33.36666666666667
1.54956071533468,2008-07,Hedo,128.23333333333332,26.85
0.6054209640141945,2008-07,Ogasawara,142.21666666666667,27.083333333333332
7.196602825754319,2008-07,Tokyo,139.75,35.68333333333333
0.8578394175,2008-07,Tanah Rata,101.36666666666666,4.483333333333333
5.56551086325,2008-07,Petaling Jaya,101.63333333333334,3.1
14.993939999999998,2008-07,Ulaanbaatar,106.9,47.916666666666664
3.30645,2008-07,Terelj,107.45,47.983333333333334
6.745567221607869,2008-07,Metro Manila,121.06666666666666,14.633333333333333
2.829621590629444,2008-07,Mt. Sto. Tomas,120.6,16.416666666666668
6.687239271457086,2008-07,Kanghwa,126.26666666666667,37.7
5.5407847268426105,2008-07,Cheju(Kosan),126.15,33.28333333333333
0.8986432964915622,2008-07,Mondy,100.91666666666667,51.61666666666667
3.61261401891758,2008-07,Irkutsk,104.25,52.233333333333334
4.88336838336625,2008-07,Primorskaya,132.23333333333332,43.61666666666667
8.531460961741136,2008-07,Bangkok,100.53333333333333,13.783333333333333
0.6395241287562284,2008-07,Mae Hia,98.91666666666667,18.75
3.3871893262445605,2008-07,Hoa Binh,105.33333333333333,20.833333333333332
7.652255027522983,2008-08,Hongwen,118.15,24.466666666666665
10.666094203281723,2008-08,Serpong,106.66666666666667,-6.35
0.5352290268181292,2008-08,Rishiri,141.23333333333332,45.11666666666667
0.7368076141599444,2008-08,Ochiishi,145.48333333333332,43.15
0.33432849620729654,2008-08,Happo,137.78333333333333,36.68333333333333
1.8053341005632042,2008-08,Ijira,136.68333333333334,35.56666666666667
0.869522066611883,2008-08,Oki,133.18333333333334,36.28333333333333
0.4679612210920352,2008-08,Yusuhara,132.93333333333334,33.36666666666667
1.6837166213217267,2008-08,Hedo,128.23333333333332,26.85
0.5725981166545617,2008-08,Ogasawara,142.21666666666667,27.083333333333332
6.149224368234389,2008-08,Tokyo,139.75,35.68333333333333
1.3500675552,2008-08,Tanah Rata,101.36666666666666,4.483333333333333
6.6121229772,2008-08,Petaling Jaya,101.63333333333334,3.1
9.471674999999998,2008-08,Ulaanbaatar,106.9,47.916666666666664
3.102,2008-08,Terelj,107.45,47.983333333333334
3.319421232382163,2008-08,Metro Manila,121.06666666666666,14.633333333333333
3.0805606561266017,2008-08,Mt. Sto. Tomas,120.6,16.416666666666668
6.0019138112663555,2008-08,Kanghwa,126.26666666666667,37.7
3.5707804391217572,2008-08,Cheju(Kosan),126.15,33.28333333333333
7.077148259037481,2008-08,Imsil,127.16666666666667,35.6
1.5370412732864949,2008-08,Mondy,100.91666666666667,51.61666666666667
6.562171461960307,2008-08,Irkutsk,104.25,52.233333333333334
4.811131147928631,2008-08,Primorskaya,132.23333333333332,43.61666666666667
8.069563518673208,2008-08,Bangkok,100.53333333333333,13.783333333333333
1.5182501737532856,2008-08,Kanchanaburi(Vajiralongkorn Dam),98.6,14.783333333333333
0.9569877950663513,2008-08,Mae Hia,98.91666666666667,18.75
3.2667493520413045,2008-08,Hoa Binh,105.33333333333333,20.833333333333332
11.364211768930813,2008-09,Hongwen,118.15,24.466666666666665
7.32451798512707,2008-09,Serpong,106.66666666666667,-6.35
0.6347873800646173,2008-09,Rishiri,141.23333333333332,45.11666666666667
0.9407974022272301,2008-09,Ochiishi,145.48333333333332,43.15
0.3326797451555362,2008-09,Happo,137.78333333333333,36.68333333333333
1.5599478445976556,2008-09,Ijira,136.68333333333334,35.56666666666667
0.7478106027962313,2008-09,Oki,133.18333333333334,36.28333333333333
0.44665733380735323,2008-09,Yusuhara,132.93333333333334,33.36666666666667
1.412956236179321,2008-09,Hedo,128.23333333333332,26.85
0.6697072559431534,2008-09,Ogasawara,142.21666666666667,27.083333333333332
5.1445727677071265,2008-09,Tokyo,139.75,35.68333333333333
0.8664838454999999,2008-09,Tanah Rata,101.36666666666666,4.483333333333333
2.48917504875,2008-09,Petaling Jaya,101.63333333333334,3.1
6.253349999999999,2008-09,Ulaanbaatar,106.9,47.916666666666664
1.21965,2008-09,Terelj,107.45,47.983333333333334
4.208839729914287,2008-09,Metro Manila,121.06666666666666,14.633333333333333
1.7645218838077155,2008-09,Mt. Sto. Tomas,120.6,16.416666666666668
4.0308832335329345,2008-09,Kanghwa,126.26666666666667,37.7
5.986740962519406,2008-09,Cheju(Kosan),126.15,33.28333333333333
8.655722582612553,2008-09,Imsil,127.16666666666667,35.6
0.3935332590300872,2008-09,Mondy,100.91666666666667,51.61666666666667
4.627705790058293,2008-09,Irkutsk,104.25,52.233333333333334
4.368424920098359,2008-09,Primorskaya,132.23333333333332,43.61666666666667
5.764391028716646,2008-09,Bangkok,100.53333333333333,13.783333333333333
3.4012826446034943,2008-09,Mae Hia,98.91666666666667,18.75
3.6991340195278353,2008-09,Hoa Binh,105.33333333333333,20.833333333333332
8.412231813266876,2008-10,Hongwen,118.15,24.466666666666665
6.56766982136279,2008-10,Serpong,106.66666666666667,-6.35
0.8467460205920505,2008-10,Rishiri,141.23333333333332,45.11666666666667
0.9426595578159584,2008-10,Ochiishi,145.48333333333332,43.15
0.27152721226794096,2008-10,Happo,137.78333333333333,36.68333333333333
1.019411894377455,2008-10,Ijira,136.68333333333334,35.56666666666667
1.0778243585589782,2008-10,Oki,133.18333333333334,36.28333333333333
0.42813785323292497,2008-10,Yusuhara,132.93333333333334,33.36666666666667
0.9619415563620323,2008-10,Hedo,128.23333333333332,26.85
0.509867937607906,2008-10,Ogasawara,142.21666666666667,27.083333333333332
5.97040258524773,2008-10,Tokyo,139.75,35.68333333333333
0.5021932422,2008-10,Tanah Rata,101.36666666666666,4.483333333333333
4.6189099788000005,2008-10,Petaling Jaya,101.63333333333334,3.1
11.357549999999998,2008-10,Ulaanbaatar,106.9,47.916666666666664
1.13505,2008-10,Terelj,107.45,47.983333333333334
36.10677516550126,2008-10,Metro Manila,121.06666666666666,14.633333333333333
2.895846755577793,2008-10,Mt. Sto. Tomas,120.6,16.416666666666668
3.9301000776225328,2008-10,Kanghwa,126.26666666666667,37.7
2.2311397205588817,2008-10,Cheju(Kosan),126.15,33.28333333333333
0.5758025062254052,2008-10,Mondy,100.91666666666667,51.61666666666667
4.934025158188245,2008-10,Irkutsk,104.25,52.233333333333334
4.430964147536336,2008-10,Primorskaya,132.23333333333332,43.61666666666667
8.198676553275703,2008-10,Bangkok,100.53333333333333,13.783333333333333
1.5971110602837253,2008-10,Mae Hia,98.91666666666667,18.75
3.8131718168959226,2008-10,Hoa Binh,105.33333333333333,20.833333333333332
1.9330940504745753,2008-11,Hongwen,118.15,24.466666666666665
5.100303867143115,2008-11,Serpong,106.66666666666667,-6.35
0.35196440692495207,2008-11,Rishiri,141.23333333333332,45.11666666666667
0.6869489887723885,2008-11,Ochiishi,145.48333333333332,43.15
0.25506619449755813,2008-11,Happo,137.78333333333333,36.68333333333333
0.5468807561562876,2008-11,Ijira,136.68333333333334,35.56666666666667
0.5124980904318859,2008-11,Oki,133.18333333333334,36.28333333333333
0.20483359930803793,2008-11,Yusuhara,132.93333333333334,33.36666666666667
0.8211844552758576,2008-11,Hedo,128.23333333333332,26.85
0.6701418644238684,2008-11,Ogasawara,142.21666666666667,27.083333333333332
7.003795715817547,2008-11,Tokyo,139.75,35.68333333333333
0.66844240125,2008-11,Tanah Rata,101.36666666666666,4.483333333333333
5.506440605250001,2008-11,Petaling Jaya,101.63333333333334,3.1
0.24674999999999997,2008-11,Terelj,107.45,47.983333333333334
2.572224024602482,2008-11,Mt. Sto. Tomas,120.6,16.416666666666668
1.073130184076292,2008-11,Cheju(Kosan),126.15,33.28333333333333
0.9149133298753355,2008-11,Mondy,100.91666666666667,51.61666666666667
2.9483865637800424,2008-11,Irkutsk,104.25,52.233333333333334
2.2960367621248188,2008-11,Primorskaya,132.23333333333332,43.61666666666667
9.117501164542453,2008-11,Bangkok,100.53333333333333,13.783333333333333
1.9838443215977768,2008-11,Kanchanaburi(Vajiralongkorn Dam),98.6,14.783333333333333
1.0676565241850224,2008-11,Mae Hia,98.91666666666667,18.75
4.283931065659631,2008-11,Hoa Binh,105.33333333333333,20.833333333333332
7.400899753794327,2008-12,Hongwen,118.15,24.466666666666665
3.0910480015185073,2008-12,Serpong,106.66666666666667,-6.35
0.13271027970351562,2008-12,Rishiri,141.23333333333332,45.11666666666667
0.33614613983477803,2008-12,Ochiishi,145.48333333333332,43.15
0.20890058533051245,2008-12,Happo,137.78333333333333,36.68333333333333
0.2872015466518893,2008-12,Ijira,136.68333333333334,35.56666666666667
0.4394671576729328,2008-12,Oki,133.18333333333334,36.28333333333333
0.15332742997786517,2008-12,Yusuhara,132.93333333333334,33.36666666666667
0.49310897555615285,2008-12,Hedo,128.23333333333332,26.85
0.4182225003999312,2008-12,Ogasawara,142.21666666666667,27.083333333333332
5.215808150639198,2008-12,Tokyo,139.75,35.68333333333333
0.7848420254999999,2008-12,Tanah Rata,101.36666666666666,4.483333333333333
5.708324017500001,2008-12,Petaling Jaya,101.63333333333334,3.1
1.0762999999999998,2008-12,Terelj,107.45,47.983333333333334
2.772016359575368,2008-12,Mt. Sto. Tomas,120.6,16.416666666666668
0.4582864825903747,2008-12,Kanghwa,126.26666666666667,37.7
1.1477318695941447,2008-12,Cheju(Kosan),126.15,33.28333333333333
1.8187926369483254,2008-12,Imsil,127.16666666666667,35.6
0.3655862483310799,2008-12,Mondy,100.91666666666667,51.61666666666667
3.0472851097359435,2008-12,Irkutsk,104.25,52.233333333333334
0.41820550521516886,2008-12,Primorskaya,132.23333333333332,43.61666666666667
13.592658893816397,2008-12,Bangkok,100.53333333333333,13.783333333333333
4.648681618761642,2008-12,Mae Hia,98.91666666666667,18.75
3.7352092780960007,2008-12,Hoa Binh,105.33333333333333,20.833333333333332
10.2,2013-01,Phnom Penh,104.93333333333334,11.55
9.2,2013-01,Serpong,106.66666666666667,-6.35
0.2,2013-01,Happo,137.78333333333333,36.68333333333333
0.3,2013-01,Ijira,136.68333333333334,35.56666666666667
0.2,2013-01,Yusuhara,132.93333333333334,33.36666666666667
0.5,2013-01,Hedo,128.23333333333332,26.85
0.3,2013-01,Ogasawara,142.21666666666667,27.083333333333332
3.3,2013-01,Tokyo,139.75,35.68333333333333
0.7,2013-01,Petaling Jaya,101.63333333333334,3.1
1.5,2013-01,Tanah Rata,101.36666666666666,4.483333333333333
0.3,2013-01,Yangon,96.15,16.85
0.8,2013-01,Mt. Sto. Tomas,120.6,16.416666666666668
4.4,2013-01,Kanghwa,126.26666666666667,37.7
0.2,2013-01,Cheju(Kosan),126.15,33.28333333333333
0.2,2013-01,Mondy,100.91666666666667,51.61666666666667
1.3,2013-01,Irkutsk,104.25,52.233333333333334
0.9,2013-01,Primorskaya,132.23333333333332,43.61666666666667
8.6,2013-01,Bangkok,100.53333333333333,13.783333333333333
4.6,2013-01,Mae Hia,98.91666666666667,18.75
1.4,2013-01,Hanoi,105.71666666666667,21.05
2.0,2013-01,Hoa Binh,105.33333333333333,20.833333333333332
9.0,2013-02,Phnom Penh,104.93333333333334,11.55
9.1,2013-02,Serpong,106.66666666666667,-6.35
0.2,2013-02,Ochiishi,145.48333333333332,43.15
0.2,2013-02,Happo,137.78333333333333,36.68333333333333
0.5,2013-02,Ijira,136.68333333333334,35.56666666666667
0.1,2013-02,Oki,133.18333333333334,36.28333333333333
0.2,2013-02,Yusuhara,132.93333333333334,33.36666666666667
0.5,2013-02,Hedo,128.23333333333332,26.85
0.3,2013-02,Ogasawara,142.21666666666667,27.083333333333332
3.3,2013-02,Tokyo,139.75,35.68333333333333
6.8,2013-02,Petaling Jaya,101.63333333333334,3.1
0.8,2013-02,Tanah Rata,101.36666666666666,4.483333333333333
5.4,2013-02,Yangon,96.15,16.85
1.4,2013-02,Mt. Sto. Tomas,120.6,16.416666666666668
2.2,2013-02,Kanghwa,126.26666666666667,37.7
0.9,2013-02,Cheju(Kosan),126.15,33.28333333333333
0.6,2013-02,Imsil,127.16666666666667,35.6
0.3,2013-02,Irkutsk,104.25,52.233333333333334
10.7,2013-02,Bangkok,100.53333333333333,13.783333333333333
4.6,2013-02,Mae Hia,98.91666666666667,18.75
1.4,2013-02,Hanoi,105.71666666666667,21.05
1.9,2013-02,Hoa Binh,105.33333333333333,20.833333333333332
10.6,2013-03,Phnom Penh,104.93333333333334,11.55
6.1,2013-03,Serpong,106.66666666666667,-6.35
0.2,2013-03,Rishiri,141.23333333333332,45.11666666666667
0.1,2013-03,Ochiishi,145.48333333333332,43.15
0.4,2013-03,Happo,137.78333333333333,36.68333333333333
0.7,2013-03,Ijira,136.68333333333334,35.56666666666667
0.6,2013-03,Oki,133.18333333333334,36.28333333333333
0.8,2013-03,Yusuhara,132.93333333333334,33.36666666666667
1.1,2013-03,Hedo,128.23333333333332,26.85
0.8,2013-03,Ogasawara,142.21666666666667,27.083333333333332
3.9,2013-03,Tokyo,139.75,35.68333333333333
8.8,2013-03,Petaling Jaya,101.63333333333334,3.1
1.2,2013-03,Tanah Rata,101.36666666666666,4.483333333333333
5.9,2013-03,Yangon,96.15,16.85
1.3,2013-03,Mt. Sto. Tomas,120.6,16.416666666666668
3.3,2013-03,Kanghwa,126.26666666666667,37.7
0.4,2013-03,Cheju(Kosan),126.15,33.28333333333333
0.4,2013-03,Imsil,127.16666666666667,35.6
0.1,2013-03,Mondy,100.91666666666667,51.61666666666667
0.8,2013-03,Irkutsk,104.25,52.233333333333334
1.4,2013-03,Primorskaya,132.23333333333332,43.61666666666667
8.0,2013-03,Bangkok,100.53333333333333,13.783333333333333
1.3,2013-03,Hanoi,105.71666666666667,21.05
1.9,2013-03,Hoa Binh,105.33333333333333,20.833333333333332
11.8,2013-04,Phnom Penh,104.93333333333334,11.55
10.9,2013-04,Serpong,106.66666666666667,-6.35
0.3,2013-04,Rishiri,141.23333333333332,45.11666666666667
0.4,2013-04,Ochiishi,145.48333333333332,43.15
0.4,2013-04,Happo,137.78333333333333,36.68333333333333
1.6,2013-04,Ijira,136.68333333333334,35.56666666666667
0.8,2013-04,Oki,133.18333333333334,36.28333333333333
0.9,2013-04,Yusuhara,132.93333333333334,33.36666666666667
1.1,2013-04,Hedo,128.23333333333332,26.85
0.9,2013-04,Ogasawara,142.21666666666667,27.083333333333332
3.1,2013-04,Tokyo,139.75,35.68333333333333
9.2,2013-04,Petaling Jaya,101.63333333333334,3.1
0.9,2013-04,Tanah Rata,101.36666666666666,4.483333333333333
12.5,2013-04,Yangon,96.15,16.85
2.0,2013-04,Mt. Sto. Tomas,120.6,16.416666666666668
5.9,2013-04,Kanghwa,126.26666666666667,37.7
0.7,2013-04,Cheju(Kosan),126.15,33.28333333333333
0.4,2013-04,Imsil,127.16666666666667,35.6
0.8,2013-04,Mondy,100.91666666666667,51.61666666666667
1.0,2013-04,Irkutsk,104.25,52.233333333333334
2.1,2013-04,Primorskaya,132.23333333333332,43.61666666666667
8.4,2013-04,Bangkok,100.53333333333333,13.783333333333333
4.1,2013-04,Kanchanaburi(Vajiralongkorn Dam),98.6,14.783333333333333
8.4,2013-04,Mae Hia,98.91666666666667,18.75
1.2,2013-04,Hanoi,105.71666666666667,21.05
1.8,2013-04,Hoa Binh,105.33333333333333,20.833333333333332
11.3,2013-05,Phnom Penh,104.93333333333334,11.55
14.4,2013-05,Serpong,106.66666666666667,-6.35
0.6,2013-05,Rishiri,141.23333333333332,45.11666666666667
0.2,2013-05,Ochiishi,145.48333333333332,43.15
0.7,2013-05,Happo,137.78333333333333,36.68333333333333
1.5,2013-05,Ijira,136.68333333333334,35.56666666666667
1.1,2013-05,Oki,133.18333333333334,36.28333333333333
0.9,2013-05,Yusuhara,132.93333333333334,33.36666666666667
1.6,2013-05,Hedo,128.23333333333332,26.85
0.8,2013-05,Ogasawara,142.21666666666667,27.083333333333332
5.0,2013-05,Tokyo,139.75,35.68333333333333
4.7,2013-05,Petaling Jaya,101.63333333333334,3.1
1.4,2013-05,Tanah Rata,101.36666666666666,4.483333333333333
10.1,2013-05,Yangon,96.15,16.85
1.2,2013-05,Mt. Sto. Tomas,120.6,16.416666666666668
8.8,2013-05,Kanghwa,126.26666666666667,37.7
8.2,2013-05,Cheju(Kosan),126.15,33.28333333333333
7.8,2013-05,Imsil,127.16666666666667,35.6
0.5,2013-05,Mondy,100.91666666666667,51.61666666666667
2.0,2013-05,Irkutsk,104.25,52.233333333333334
1.3,2013-05,Primorskaya,132.23333333333332,43.61666666666667
8.2,2013-05,Bangkok,100.53333333333333,13.783333333333333
5.0,2013-05,Mae Hia,98.91666666666667,18.75
1.0,2013-05,Hanoi,105.71666666666667,21.05
1.7,2013-05,Hoa Binh,105.33333333333333,20.833333333333332
10.2,2013-06,Phnom Penh,104.93333333333334,11.55
13.5,2013-06,Serpong,106.66666666666667,-6.35
0.4,2013-06,Rishiri,141.23333333333332,45.11666666666667
0.3,2013-06,Ochiishi,145.48333333333332,43.15
0.5,2013-06,Happo,137.78333333333333,36.68333333333333
2.0,2013-06,Ijira,136.68333333333334,35.56666666666667
0.7,2013-06,Oki,133.18333333333334,36.28333333333333
0.7,2013-06,Yusuhara,132.93333333333334,33.36666666666667
1.3,2013-06,Hedo,128.23333333333332,26.85
0.7,2013-06,Ogasawara,142.21666666666667,27.083333333333332
5.6,2013-06,Tokyo,139.75,35.68333333333333
18.2,2013-06,Petaling Jaya,101.63333333333334,3.1
1.6,2013-06,Tanah Rata,101.36666666666666,4.483333333333333
8.0,2013-06,Yangon,96.15,16.85
1.3,2013-06,Mt. Sto. Tomas,120.6,16.416666666666668
5.1,2013-06,Kanghwa,126.26666666666667,37.7
4.8,2013-06,Cheju(Kosan),126.15,33.28333333333333
2.4,2013-06,Imsil,127.16666666666667,35.6
2.2,2013-06,Irkutsk,104.25,52.233333333333334
1.2,2013-06,Primorskaya,132.23333333333332,43.61666666666667
8.8,2013-06,Bangkok,100.53333333333333,13.783333333333333
3.8,2013-06,Mae Hia,98.91666666666667,18.75
1.1,2013-06,Hanoi,105.71666666666667,21.05
1.7,2013-06,Hoa Binh,105.33333333333333,20.833333333333332
7.4,2013-07,Phnom Penh,104.93333333333334,11.55
14.8,2013-07,Serpong,106.66666666666667,-6.35
0.8,2013-07,Rishiri,141.23333333333332,45.11666666666667
0.4,2013-07,Ochiishi,145.48333333333332,43.15
0.4,2013-07,Happo,137.78333333333333,36.68333333333333
2.1,2013-07,Ijira,136.68333333333334,35.56666666666667
0.6,2013-07,Oki,133.18333333333334,36.28333333333333
1.0,2013-07,Yusuhara,132.93333333333334,33.36666666666667
1.5,2013-07,Hedo,128.23333333333332,26.85
0.6,2013-07,Ogasawara,142.21666666666667,27.083333333333332
6.7,2013-07,Tokyo,139.75,35.68333333333333
10.0,2013-07,Petaling Jaya,101.63333333333334,3.1
1.7,2013-07,Tanah Rata,101.36666666666666,4.483333333333333
6.1,2013-07,Yangon,96.15,16.85
0.8,2013-07,Mt. Sto. Tomas,120.6,16.416666666666668
10.2,2013-07,Kanghwa,126.26666666666667,37.7
3.5,2013-07,Cheju(Kosan),126.15,33.28333333333333
2.3,2013-07,Imsil,127.16666666666667,35.6
0.5,2013-07,Irkutsk,104.25,52.233333333333334
1.2,2013-07,Primorskaya,132.23333333333332,43.61666666666667
9.1,2013-07,Bangkok,100.53333333333333,13.783333333333333
2.6,2013-07,Mae Hia,98.91666666666667,18.75
1.3,2013-07,Hanoi,105.71666666666667,21.05
1.6,2013-07,Hoa Binh,105.33333333333333,20.833333333333332
8.3,2013-08,Phnom Penh,104.93333333333334,11.55
12.3,2013-08,Serpong,106.66666666666667,-6.35
0.9,2013-08,Rishiri,141.23333333333332,45.11666666666667
0.5,2013-08,Ochiishi,145.48333333333332,43.15
0.6,2013-08,Happo,137.78333333333333,36.68333333333333
2.9,2013-08,Ijira,136.68333333333334,35.56666666666667
1.1,2013-08,Oki,133.18333333333334,36.28333333333333
1.1,2013-08,Yusuhara,132.93333333333334,33.36666666666667
1.7,2013-08,Hedo,128.23333333333332,26.85
0.7,2013-08,Ogasawara,142.21666666666667,27.083333333333332
6.7,2013-08,Tokyo,139.75,35.68333333333333
10.5,2013-08,Petaling Jaya,101.63333333333334,3.1
1.5,2013-08,Tanah Rata,101.36666666666666,4.483333333333333
7.6,2013-08,Yangon,96.15,16.85
0.4,2013-08,Mt. Sto. Tomas,120.6,16.416666666666668
12.1,2013-08,Kanghwa,126.26666666666667,37.7
0.2,2013-08,Cheju(Kosan),126.15,33.28333333333333
1.2,2013-08,Imsil,127.16666666666667,35.6
0.6,2013-08,Mondy,100.91666666666667,51.61666666666667
2.2,2013-08,Irkutsk,104.25,52.233333333333334
1.4,2013-08,Primorskaya,132.23333333333332,43.61666666666667
8.0,2013-08,Bangkok,100.53333333333333,13.783333333333333
3.1,2013-08,Kanchanaburi(Vajiralongkorn Dam),98.6,14.783333333333333
0.3,2013-08,Mae Hia,98.91666666666667,18.75
1.6,2013-08,Hanoi,105.71666666666667,21.05
1.5,2013-08,Hoa Binh,105.33333333333333,20.833333333333332
7.3,2013-09,Phnom Penh,104.93333333333334,11.55
16.8,2013-09,Serpong,106.66666666666667,-6.35
0.4,2013-09,Ochiishi,145.48333333333332,43.15
0.4,2013-09,Happo,137.78333333333333,36.68333333333333
1.8,2013-09,Ijira,136.68333333333334,35.56666666666667
0.5,2013-09,Oki,133.18333333333334,36.28333333333333
0.5,2013-09,Yusuhara,132.93333333333334,33.36666666666667
1.0,2013-09,Hedo,128.23333333333332,26.85
0.5,2013-09,Ogasawara,142.21666666666667,27.083333333333332
5.1,2013-09,Tokyo,139.75,35.68333333333333
8.1,2013-09,Petaling Jaya,101.63333333333334,3.1
1.1,2013-09,Tanah Rata,101.36666666666666,4.483333333333333
3.1,2013-09,Yangon,96.15,16.85
0.7,2013-09,Mt. Sto. Tomas,120.6,16.416666666666668
8.3,2013-09,Kanghwa,126.26666666666667,37.7
8.4,2013-09,Cheju(Kosan),126.15,33.28333333333333
6.4,2013-09,Imsil,127.16666666666667,35.6
4.4,2013-09,Mondy,100.91666666666667,51.61666666666667
1.1,2013-09,Irkutsk,104.25,52.233333333333334
0.9,2013-09,Primorskaya,132.23333333333332,43.61666666666667
5.2,2013-09,Bangkok,100.53333333333333,13.783333333333333
2.8,2013-09,Mae Hia,98.91666666666667,18.75
1.9,2013-09,Hanoi,105.71666666666667,21.05
1.4,2013-09,Hoa Binh,105.33333333333333,20.833333333333332
7.8,2013-10,Phnom Penh,104.93333333333334,11.55
12.5,2013-10,Serpong,106.66666666666667,-6.35
0.6,2013-10,Ochiishi,145.48333333333332,43.15
0.3,2013-10,Happo,137.78333333333333,36.68333333333333
0.9,2013-10,Ijira,136.68333333333334,35.56666666666667
0.4,2013-10,Oki,133.18333333333334,36.28333333333333
0.3,2013-10,Yusuhara,132.93333333333334,33.36666666666667
0.8,2013-10,Hedo,128.23333333333332,26.85
0.5,2013-10,Ogasawara,142.21666666666667,27.083333333333332
3.8,2013-10,Tokyo,139.75,35.68333333333333
8.2,2013-10,Petaling Jaya,101.63333333333334,3.1
0.7,2013-10,Tanah Rata,101.36666666666666,4.483333333333333
1.6,2013-10,Mt. Sto. Tomas,120.6,16.416666666666668
7.5,2013-10,Kanghwa,126.26666666666667,37.7
7.9,2013-10,Cheju(Kosan),126.15,33.28333333333333
5.2,2013-10,Imsil,127.16666666666667,35.6
0.5,2013-10,Mondy,100.91666666666667,51.61666666666667
2.9,2013-10,Irkutsk,104.25,52.233333333333334
1.4,2013-10,Primorskaya,132.23333333333332,43.61666666666667
10.2,2013-10,Bangkok,100.53333333333333,13.783333333333333
3.5,2013-10,Mae Hia,98.91666666666667,18.75
1.7,2013-10,Hanoi,105.71666666666667,21.05
1.3,2013-10,Hoa Binh,105.33333333333333,20.833333333333332
8.9,2013-11,Phnom Penh,104.93333333333334,11.55
12.2,2013-11,Serpong,106.66666666666667,-6.35
0.4,2013-11,Ochiishi,145.48333333333332,43.15
0.4,2013-11,Ijira,136.68333333333334,35.56666666666667
0.4,2013-11,Oki,133.18333333333334,36.28333333333333
0.3,2013-11,Yusuhara,132.93333333333334,33.36666666666667
1.0,2013-11,Hedo,128.23333333333332,26.85
0.4,2013-11,Ogasawara,142.21666666666667,27.083333333333332
4.6,2013-11,Tokyo,139.75,35.68333333333333
7.9,2013-11,Petaling Jaya,101.63333333333334,3.1
0.7,2013-11,Tanah Rata,101.36666666666666,4.483333333333333
0.7,2013-11,Mt. Sto. Tomas,120.6,16.416666666666668
6.4,2013-11,Kanghwa,126.26666666666667,37.7
3.1,2013-11,Cheju(Kosan),126.15,33.28333333333333
1.6,2013-11,Imsil,127.16666666666667,35.6
0.5,2013-11,Mondy,100.91666666666667,51.61666666666667
1.9,2013-11,Irkutsk,104.25,52.233333333333334
1.0,2013-11,Primorskaya,132.23333333333332,43.61666666666667
9.6,2013-11,Bangkok,100.53333333333333,13.783333333333333
2.9,2013-11,Kanchanaburi(Vajiralongkorn Dam),98.6,14.783333333333333
3.2,2013-11,Mae Hia,98.91666666666667,18.75
1.9,2013-11,Hanoi,105.71666666666667,21.05
1.4,2013-11,Hoa Binh,105.33333333333333,20.833333333333332
8.1,2013-12,Phnom Penh,104.93333333333334,11.55
7.9,2013-12,Serpong,106.66666666666667,-6.35
0.2,2013-12,Ochiishi,145.48333333333332,43.15
0.1,2013-12,Happo,137.78333333333333,36.68333333333333
0.2,2013-12,Ijira,136.68333333333334,35.56666666666667
0.2,2013-12,Oki,133.18333333333334,36.28333333333333
0.2,2013-12,Yusuhara,132.93333333333334,33.36666666666667
0.8,2013-12,Hedo,128.23333333333332,26.85
0.5,2013-12,Ogasawara,142.21666666666667,27.083333333333332
4.6,2013-12,Tokyo,139.75,35.68333333333333
11.3,2013-12,Petaling Jaya,101.63333333333334,3.1
1.6,2013-12,Tanah Rata,101.36666666666666,4.483333333333333
0.6,2013-12,Mt. Sto. Tomas,120.6,16.416666666666668
3.2,2013-12,Kanghwa,126.26666666666667,37.7
0.8,2013-12,Cheju(Kosan),126.15,33.28333333333333
2.1,2013-12,Imsil,127.16666666666667,35.6
1.1,2013-12,Irkutsk,104.25,52.233333333333334
9.9,2013-12,Bangkok,100.53333333333333,13.783333333333333
1.5,2013-12,Hanoi,105.71666666666667,21.05
1.7,2013-12,Hoa Binh,105.33333333333333,20.833333333333332
1.5,2018-01,Serpong,106.66666666666667,-6.35
0.1,2018-01,Rishiri,141.23333333333332,45.11666666666667
0.1,2018-01,Ochiishi,145.48333333333332,43.15
0.2,2018-01,Happo,137.78333333333333,36.68333333333333
0.4,2018-01,Ijira,136.68333333333334,35.56666666666667
0.4,2018-01,Oki,133.18333333333334,36.28333333333333
0.2,2018-01,Yusuhara,132.93333333333334,33.36666666666667
0.8,2018-01,Hedo,128.23333333333332,26.85
0.3,2018-01,Ogasawara,142.21666666666667,27.083333333333332
2.8,2018-01,Tokyo,139.75,35.68333333333333
5.3,2018-01,Petaling Jaya,101.63333333333334,3.1
6.9,2018-01,Ulaanbaatar,106.9,47.916666666666664
1.4,2018-01,Terelj,107.45,47.983333333333334
1.1,2018-01,Yangon,96.15,16.85
1.2,2018-01,Kanghwa,126.26666666666667,37.7
5.9,2018-01,Cheju(Kosan),126.15,33.28333333333333
6.5,2018-01,Imsil,127.16666666666667,35.6
0.3,2018-01,Mondy,100.91666666666667,51.61666666666667
0.5,2018-01,Listvyanka,104.88333333333334,51.833333333333336
5.1,2018-01,Irkutsk,104.25,52.233333333333334
0.6,2018-01,Primorskaya,132.23333333333332,43.61666666666667
12.4,2018-01,Bangkok,100.53333333333333,13.783333333333333
4.7,2018-01,Mae Hia,98.91666666666667,18.75
4.7,2018-01,Sakaerat,101.9,14.466666666666667
3.4,2018-01,Hanoi,105.71666666666667,21.05
1.1,2018-01,Hoa Binh,105.33333333333333,20.833333333333332
5.9,2018-01,Can Tho,105.68333333333334,10.083333333333334
4.0,2018-01,Ho Chi Minh,106.7,10.783333333333333
3.1,2018-01,Yen Bai,104.86666666666666,21.7
1.2,2018-02,Serpong,106.66666666666667,-6.35
0.2,2018-02,Rishiri,141.23333333333332,45.11666666666667
0.3,2018-02,Happo,137.78333333333333,36.68333333333333
0.6,2018-02,Ijira,136.68333333333334,35.56666666666667
0.6,2018-02,Oki,133.18333333333334,36.28333333333333
0.4,2018-02,Yusuhara,132.93333333333334,33.36666666666667
1.5,2018-02,Hedo,128.23333333333332,26.85
0.2,2018-02,Ogasawara,142.21666666666667,27.083333333333332
2.9,2018-02,Tokyo,139.75,35.68333333333333
8.6,2018-02,Petaling Jaya,101.63333333333334,3.1
6.4,2018-02,Ulaanbaatar,106.9,47.916666666666664
0.1,2018-02,Kanghwa,126.26666666666667,37.7
3.5,2018-02,Cheju(Kosan),126.15,33.28333333333333
3.4,2018-02,Imsil,127.16666666666667,35.6
0.4,2018-02,Mondy,100.91666666666667,51.61666666666667
0.4,2018-02,Listvyanka,104.88333333333334,51.833333333333336
0.5,2018-02,Irkutsk,104.25,52.233333333333334
0.1,2018-02,Primorskaya,132.23333333333332,43.61666666666667
11.9,2018-02,Bangkok,100.53333333333333,13.783333333333333
5.4,2018-02,Mae Hia,98.91666666666667,18.75
7.0,2018-02,Sakaerat,101.9,14.466666666666667
3.2,2018-02,Hanoi,105.71666666666667,21.05
1.2,2018-02,Hoa Binh,105.33333333333333,20.833333333333332
5.0,2018-02,Can Tho,105.68333333333334,10.083333333333334
3.7,2018-02,Ho Chi Minh,106.7,10.783333333333333
3.0,2018-02,Yen Bai,104.86666666666666,21.7
2.1,2018-03,Serpong,106.66666666666667,-6.35
0.4,2018-03,Rishiri,141.23333333333332,45.11666666666667
0.1,2018-03,Ochiishi,145.48333333333332,43.15
0.7,2018-03,Happo,137.78333333333333,36.68333333333333
1.0,2018-03,Ijira,136.68333333333334,35.56666666666667
1.2,2018-03,Oki,133.18333333333334,36.28333333333333
0.6,2018-03,Yusuhara,132.93333333333334,33.36666666666667
1.1,2018-03,Hedo,128.23333333333332,26.85
0.4,2018-03,Ogasawara,142.21666666666667,27.083333333333332
3.6,2018-03,Tokyo,139.75,35.68333333333333
8.0,2018-03,Petaling Jaya,101.63333333333334,3.1
7.5,2018-03,Ulaanbaatar,106.9,47.916666666666664
0.5,2018-03,Kanghwa,126.26666666666667,37.7
5.7,2018-03,Imsil,127.16666666666667,35.6
0.5,2018-03,Mondy,100.91666666666667,51.61666666666667
0.4,2018-03,Listvyanka,104.88333333333334,51.833333333333336
0.7,2018-03,Irkutsk,104.25,52.233333333333334
0.6,2018-03,Primorskaya,132.23333333333332,43.61666666666667
10.4,2018-03,Bangkok,100.53333333333333,13.783333333333333
7.8,2018-03,Kanchanaburi(Vajiralongkorn Dam),98.6,14.783333333333333
6.1,2018-03,Mae Hia,98.91666666666667,18.75
6.5,2018-03,Sakaerat,101.9,14.466666666666667
2.8,2018-03,Hanoi,105.71666666666667,21.05
1.1,2018-03,Hoa Binh,105.33333333333333,20.833333333333332
6.9,2018-03,Can Tho,105.68333333333334,10.083333333333334
5.3,2018-03,Ho Chi Minh,106.7,10.783333333333333
3.0,2018-03,Yen Bai,104.86666666666666,21.7
2.9,2018-04,Serpong,106.66666666666667,-6.35
0.6,2018-04,Rishiri,141.23333333333332,45.11666666666667
0.3,2018-04,Ochiishi,145.48333333333332,43.15
0.8,2018-04,Happo,137.78333333333333,36.68333333333333
1.3,2018-04,Ijira,136.68333333333334,35.56666666666667
1.4,2018-04,Oki,133.18333333333334,36.28333333333333
0.8,2018-04,Yusuhara,132.93333333333334,33.36666666666667
1.4,2018-04,Hedo,128.23333333333332,26.85
0.6,2018-04,Ogasawara,142.21666666666667,27.083333333333332
4.2,2018-04,Tokyo,139.75,35.68333333333333
8.8,2018-04,Petaling Jaya,101.63333333333334,3.1
9.5,2018-04,Ulaanbaatar,106.9,47.916666666666664
2.8,2018-04,Terelj,107.45,47.983333333333334
0.2,2018-04,Kanghwa,126.26666666666667,37.7
7.2,2018-04,Imsil,127.16666666666667,35.6
0.4,2018-04,Mondy,100.91666666666667,51.61666666666667
0.8,2018-04,Listvyanka,104.88333333333334,51.833333333333336
0.7,2018-04,Irkutsk,104.25,52.233333333333334
2.0,2018-04,Primorskaya,132.23333333333332,43.61666666666667
9.3,2018-04,Bangkok,100.53333333333333,13.783333333333333
6.0,2018-04,Mae Hia,98.91666666666667,18.75
4.8,2018-04,Sakaerat,101.9,14.466666666666667
2.0,2018-04,Hanoi,105.71666666666667,21.05
1.1,2018-04,Hoa Binh,105.33333333333333,20.833333333333332
3.1,2018-04,Can Tho,105.68333333333334,10.083333333333334
5.4,2018-04,Ho Chi Minh,106.7,10.783333333333333
2.5,2018-04,Yen Bai,104.86666666666666,21.7
9.5,2018-05,Serpong,106.66666666666667,-6.35
0.5,2018-05,Rishiri,141.23333333333332,45.11666666666667
0.4,2018-05,Ochiishi,145.48333333333332,43.15
1.1,2018-05,Happo,137.78333333333333,36.68333333333333
1.3,2018-05,Ijira,136.68333333333334,35.56666666666667
1.2,2018-05,Oki,133.18333333333334,36.28333333333333
0.5,2018-05,Yusuhara,132.93333333333334,33.36666666666667
1.9,2018-05,Hedo,128.23333333333332,26.85
0.7,2018-05,Ogasawara,142.21666666666667,27.083333333333332
3.8,2018-05,Tokyo,139.75,35.68333333333333
8.1,2018-05,Petaling Jaya,101.63333333333334,3.1
6.6,2018-05,Ulaanbaatar,106.9,47.916666666666664
2.8,2018-05,Terelj,107.45,47.983333333333334
0.6,2018-05,Kanghwa,126.26666666666667,37.7
4.5,2018-05,Cheju(Kosan),126.15,33.28333333333333
7.7,2018-05,Imsil,127.16666666666667,35.6
0.5,2018-05,Mondy,100.91666666666667,51.61666666666667
0.7,2018-05,Listvyanka,104.88333333333334,51.833333333333336
0.5,2018-05,Irkutsk,104.25,52.233333333333334
1.7,2018-05,Primorskaya,132.23333333333332,43.61666666666667
29.0,2018-05,Bangkok,100.53333333333333,13.783333333333333
4.2,2018-05,Mae Hia,98.91666666666667,18.75
3.7,2018-05,Sakaerat,101.9,14.466666666666667
1.9,2018-05,Hanoi,105.71666666666667,21.05
1.2,2018-05,Hoa Binh,105.33333333333333,20.833333333333332
4.3,2018-05,Can Tho,105.68333333333334,10.083333333333334
4.3,2018-05,Ho Chi Minh,106.7,10.783333333333333
2.5,2018-05,Yen Bai,104.86666666666666,21.7
9.0,2018-06,Serpong,106.66666666666667,-6.35
0.7,2018-06,Rishiri,141.23333333333332,45.11666666666667
0.3,2018-06,Ochiishi,145.48333333333332,43.15
0.8,2018-06,Happo,137.78333333333333,36.68333333333333
1.4,2018-06,Ijira,136.68333333333334,35.56666666666667
1.1,2018-06,Oki,133.18333333333334,36.28333333333333
0.6,2018-06,Yusuhara,132.93333333333334,33.36666666666667
1.2,2018-06,Hedo,128.23333333333332,26.85
0.6,2018-06,Ogasawara,142.21666666666667,27.083333333333332
4.0,2018-06,Tokyo,139.75,35.68333333333333
15.4,2018-06,Petaling Jaya,101.63333333333334,3.1
8.2,2018-06,Ulaanbaatar,106.9,47.916666666666664
2.3,2018-06,Terelj,107.45,47.983333333333334
7.6,2018-06,Yangon,96.15,16.85
0.9,2018-06,Kanghwa,126.26666666666667,37.7
7.5,2018-06,Cheju(Kosan),126.15,33.28333333333333
15.4,2018-06,Imsil,127.16666666666667,35.6
0.9,2018-06,Mondy,100.91666666666667,51.61666666666667
1.1,2018-06,Listvyanka,104.88333333333334,51.833333333333336
1.0,2018-06,Irkutsk,104.25,52.233333333333334
2.2,2018-06,Primorskaya,132.23333333333332,43.61666666666667
9.9,2018-06,Bangkok,100.53333333333333,13.783333333333333
2.9,2018-06,Mae Hia,98.91666666666667,18.75
4.5,2018-06,Sakaerat,101.9,14.466666666666667
2.0,2018-06,Hanoi,105.71666666666667,21.05
1.2,2018-06,Hoa Binh,105.33333333333333,20.833333333333332
4.3,2018-06,Can Tho,105.68333333333334,10.083333333333334
3.0,2018-06,Ho Chi Minh,106.7,10.783333333333333
2.5,2018-06,Yen Bai,104.86666666666666,21.7
4.2,2018-07,Serpong,106.66666666666667,-6.35
0.8,2018-07,Rishiri,141.23333333333332,45.11666666666667
0.3,2018-07,Ochiishi,145.48333333333332,43.15
0.8,2018-07,Happo,137.78333333333333,36.68333333333333
2.0,2018-07,Ijira,136.68333333333334,35.56666666666667
1.2,2018-07,Oki,133.18333333333334,36.28333333333333
0.8,2018-07,Yusuhara,132.93333333333334,33.36666666666667
1.2,2018-07,Hedo,128.23333333333332,26.85
0.5,2018-07,Ogasawara,142.21666666666667,27.083333333333332
5.0,2018-07,Tokyo,139.75,35.68333333333333
7.6,2018-07,Petaling Jaya,101.63333333333334,3.1
6.8,2018-07,Ulaanbaatar,106.9,47.916666666666664
2.5,2018-07,Terelj,107.45,47.983333333333334
6.8,2018-07,Yangon,96.15,16.85
5.2,2018-07,Cheju(Kosan),126.15,33.28333333333333
14.3,2018-07,Imsil,127.16666666666667,35.6
1.8,2018-07,Mondy,100.91666666666667,51.61666666666667
3.8,2018-07,Listvyanka,104.88333333333334,51.833333333333336
5.5,2018-07,Irkutsk,104.25,52.233333333333334
2.7,2018-07,Primorskaya,132.23333333333332,43.61666666666667
6.7,2018-07,Bangkok,100.53333333333333,13.783333333333333
1.0,2018-07,Kanchanaburi(Vajiralongkorn Dam),98.6,14.783333333333333
3.0,2018-07,Mae Hia,98.91666666666667,18.75
3.5,2018-07,Sakaerat,101.9,14.466666666666667
2.0,2018-07,Hanoi,105.71666666666667,21.05
1.2,2018-07,Hoa Binh,105.33333333333333,20.833333333333332
3.6,2018-07,Can Tho,105.68333333333334,10.083333333333334
3.6,2018-07,Ho Chi Minh,106.7,10.783333333333333
2.8,2018-07,Yen Bai,104.86666666666666,21.7
15.5,2018-08,Serpong,106.66666666666667,-6.35
0.7,2018-08,Rishiri,141.23333333333332,45.11666666666667
0.4,2018-08,Ochiishi,145.48333333333332,43.15
0.5,2018-08,Happo,137.78333333333333,36.68333333333333
1.7,2018-08,Ijira,136.68333333333334,35.56666666666667
1.0,2018-08,Oki,133.18333333333334,36.28333333333333
0.7,2018-08,Yusuhara,132.93333333333334,33.36666666666667
1.2,2018-08,Hedo,128.23333333333332,26.85
0.4,2018-08,Ogasawara,142.21666666666667,27.083333333333332
4.3,2018-08,Tokyo,139.75,35.68333333333333
17.8,2018-08,Petaling Jaya,101.63333333333334,3.1
6.7,2018-08,Ulaanbaatar,106.9,47.916666666666664
1.3,2018-08,Terelj,107.45,47.983333333333334
4.7,2018-08,Yangon,96.15,16.85
0.1,2018-08,Kanghwa,126.26666666666667,37.7
6.2,2018-08,Cheju(Kosan),126.15,33.28333333333333
9.5,2018-08,Imsil,127.16666666666667,35.6
2.2,2018-08,Mondy,100.91666666666667,51.61666666666667
5.0,2018-08,Listvyanka,104.88333333333334,51.833333333333336
10.8,2018-08,Irkutsk,104.25,52.233333333333334
2.2,2018-08,Primorskaya,132.23333333333332,43.61666666666667
7.4,2018-08,Bangkok,100.53333333333333,13.783333333333333
3.9,2018-08,Mae Hia,98.91666666666667,18.75
3.2,2018-08,Sakaerat,101.9,14.466666666666667
2.0,2018-08,Hanoi,105.71666666666667,21.05
1.2,2018-08,Hoa Binh,105.33333333333333,20.833333333333332
4.3,2018-08,Can Tho,105.68333333333334,10.083333333333334
5.1,2018-08,Ho Chi Minh,106.7,10.783333333333333
2.8,2018-08,Yen Bai,104.86666666666666,21.7
29.5,2018-09,Serpong,106.66666666666667,-6.35
0.5,2018-09,Rishiri,141.23333333333332,45.11666666666667
0.7,2018-09,Ochiishi,145.48333333333332,43.15
0.6,2018-09,Happo,137.78333333333333,36.68333333333333
1.1,2018-09,Ijira,136.68333333333334,35.56666666666667
0.9,2018-09,Oki,133.18333333333334,36.28333333333333
0.5,2018-09,Yusuhara,132.93333333333334,33.36666666666667
0.9,2018-09,Hedo,128.23333333333332,26.85
0.6,2018-09,Ogasawara,142.21666666666667,27.083333333333332
3.2,2018-09,Tokyo,139.75,35.68333333333333
14.0,2018-09,Petaling Jaya,101.63333333333334,3.1
6.2,2018-09,Ulaanbaatar,106.9,47.916666666666664
3.9,2018-09,Terelj,107.45,47.983333333333334
3.4,2018-09,Yangon,96.15,16.85
0.2,2018-09,Kanghwa,126.26666666666667,37.7
14.2,2018-09,Cheju(Kosan),126.15,33.28333333333333
10.6,2018-09,Imsil,127.16666666666667,35.6
2.6,2018-09,Mondy,100.91666666666667,51.61666666666667
2.3,2018-09,Listvyanka,104.88333333333334,51.833333333333336
3.7,2018-09,Irkutsk,104.25,52.233333333333334
1.5,2018-09,Primorskaya,132.23333333333332,43.61666666666667
10.0,2018-09,Bangkok,100.53333333333333,13.783333333333333
3.3,2018-09,Sakaerat,101.9,14.466666666666667
1.9,2018-09,Hanoi,105.71666666666667,21.05
1.1,2018-09,Hoa Binh,105.33333333333333,20.833333333333332
6.7,2018-09,Can Tho,105.68333333333334,10.083333333333334
4.5,2018-09,Ho Chi Minh,106.7,10.783333333333333
3.0,2018-09,Yen Bai,104.86666666666666,21.7
14.3,2018-10,Serpong,106.66666666666667,-6.35
0.6,2018-10,Rishiri,141.23333333333332,45.11666666666667
0.5,2018-10,Ochiishi,145.48333333333332,43.15
0.6,2018-10,Happo,137.78333333333333,36.68333333333333
1.1,2018-10,Ijira,136.68333333333334,35.56666666666667
0.8,2018-10,Oki,133.18333333333334,36.28333333333333
0.5,2018-10,Yusuhara,132.93333333333334,33.36666666666667
1.0,2018-10,Hedo,128.23333333333332,26.85
0.5,2018-10,Ogasawara,142.21666666666667,27.083333333333332
3.9,2018-10,Tokyo,139.75,35.68333333333333
17.0,2018-10,Petaling Jaya,101.63333333333334,3.1
8.0,2018-10,Ulaanbaatar,106.9,47.916666666666664
1.7,2018-10,Terelj,107.45,47.983333333333334
0.4,2018-10,Yangon,96.15,16.85
0.4,2018-10,Kanghwa,126.26666666666667,37.7
9.0,2018-10,Cheju(Kosan),126.15,33.28333333333333
8.2,2018-10,Imsil,127.16666666666667,35.6
1.8,2018-10,Mondy,100.91666666666667,51.61666666666667
3.3,2018-10,Listvyanka,104.88333333333334,51.833333333333336
4.2,2018-10,Irkutsk,104.25,52.233333333333334
1.1,2018-10,Primorskaya,132.23333333333332,43.61666666666667
10.7,2018-10,Bangkok,100.53333333333333,13.783333333333333
4.8,2018-10,Mae Hia,98.91666666666667,18.75
4.5,2018-10,Sakaerat,101.9,14.466666666666667
2.6,2018-10,Hanoi,105.71666666666667,21.05
2.1,2018-10,Hoa Binh,105.33333333333333,20.833333333333332
6.4,2018-10,Can Tho,105.68333333333334,10.083333333333334
5.7,2018-10,Ho Chi Minh,106.7,10.783333333333333
4.2,2018-10,Yen Bai,104.86666666666666,21.7
3.2,2018-11,Serpong,106.66666666666667,-6.35
0.4,2018-11,Rishiri,141.23333333333332,45.11666666666667
0.5,2018-11,Ochiishi,145.48333333333332,43.15
0.3,2018-11,Happo,137.78333333333333,36.68333333333333
0.6,2018-11,Ijira,136.68333333333334,35.56666666666667
0.6,2018-11,Oki,133.18333333333334,36.28333333333333
0.3,2018-11,Yusuhara,132.93333333333334,33.36666666666667
0.9,2018-11,Hedo,128.23333333333332,26.85
0.4,2018-11,Ogasawara,142.21666666666667,27.083333333333332
4.0,2018-11,Tokyo,139.75,35.68333333333333
4.0,2018-11,Petaling Jaya,101.63333333333334,3.1
7.9,2018-11,Ulaanbaatar,106.9,47.916666666666664
1.2,2018-11,Terelj,107.45,47.983333333333334
0.4,2018-11,Yangon,96.15,16.85
0.4,2018-11,Kanghwa,126.26666666666667,37.7
10.0,2018-11,Cheju(Kosan),126.15,33.28333333333333
9.9,2018-11,Imsil,127.16666666666667,35.6
1.3,2018-11,Mondy,100.91666666666667,51.61666666666667
1.3,2018-11,Listvyanka,104.88333333333334,51.833333333333336
3.0,2018-11,Irkutsk,104.25,52.233333333333334
0.7,2018-11,Primorskaya,132.23333333333332,43.61666666666667
15.0,2018-11,Bangkok,100.53333333333333,13.783333333333333
2.4,2018-11,Kanchanaburi(Vajiralongkorn Dam),98.6,14.783333333333333
2.7,2018-11,Hanoi,105.71666666666667,21.05
2.1,2018-11,Hoa Binh,105.33333333333333,20.833333333333332
4.4,2018-11,Can Tho,105.68333333333334,10.083333333333334
5.1,2018-11,Ho Chi Minh,106.7,10.783333333333333
4.5,2018-11,Yen Bai,104.86666666666666,21.7
2.8,2018-12,Serpong,106.66666666666667,-6.35
0.2,2018-12,Rishiri,141.23333333333332,45.11666666666667
0.3,2018-12,Ochiishi,145.48333333333332,43.15
0.2,2018-12,Happo,137.78333333333333,36.68333333333333
0.4,2018-12,Ijira,136.68333333333334,35.56666666666667
0.3,2018-12,Oki,133.18333333333334,36.28333333333333
0.2,2018-12,Yusuhara,132.93333333333334,33.36666666666667
0.9,2018-12,Hedo,128.23333333333332,26.85
0.4,2018-12,Ogasawara,142.21666666666667,27.083333333333332
3.9,2018-12,Tokyo,139.75,35.68333333333333
7.5,2018-12,Petaling Jaya,101.63333333333334,3.1
6.4,2018-12,Ulaanbaatar,106.9,47.916666666666664
0.9,2018-12,Terelj,107.45,47.983333333333334
1.0,2018-12,Yangon,96.15,16.85
0.4,2018-12,Kanghwa,126.26666666666667,37.7
8.2,2018-12,Cheju(Kosan),126.15,33.28333333333333
12.4,2018-12,Imsil,127.16666666666667,35.6
1.4,2018-12,Mondy,100.91666666666667,51.61666666666667
1.1,2018-12,Listvyanka,104.88333333333334,51.833333333333336
1.9,2018-12,Irkutsk,104.25,52.233333333333334
0.8,2018-12,Primorskaya,132.23333333333332,43.61666666666667
14.2,2018-12,Bangkok,100.53333333333333,13.783333333333333
2.8,2018-12,Hanoi,105.71666666666667,21.05
2.1,2018-12,Hoa Binh,105.33333333333333,20.833333333333332
4.1,2018-12,Can Tho,105.68333333333334,10.083333333333334
5.2,2018-12,Ho Chi Minh,106.7,10.783333333333333
4.3,2018-12,Yen Bai,104.86666666666666,21.7
